<?xml version="1.0" encoding="UTF-8"?>

<configuration>
    <include resource="org/springframework/boot/logging/logback/console-appender.xml"/>

    <appender name="CLOUD" class="com.google.cloud.logging.logback.LoggingAppender">
        <filter class="ch.qos.logback.classic.filter.ThresholdFilter">
            <level>ERROR</level>
        </filter>
        <serviceName>@project.name@</serviceName>
        <serviceVersion>@pom.version@</serviceVersion>
    </appender>

    <appender name="LOCAL_FILE" class="ch.qos.logback.core.FileAppender">
        <file>local.log</file>
        <append>false</append>
        <encoder>
            <pattern>%-4relative [%thread] %-5level %logger{35} - %msg%n</pattern>
        </encoder>
    </appender>

    <springProfile name="!local">
        <root level="INFO">
            <!-- If running in GCP, remove the CONSOLE appender otherwise logs will be duplicated. -->
            <appender-ref ref="CLOUD"/>
            <appender-ref ref="CONSOLE"/>
        </root>
    </springProfile>

    <springProfile name="local">
        <root level="INFO">
            <appender-ref ref="CONSOLE"/>
            <appender-ref ref="LOCAL_FILE"/>
        </root>
    </springProfile>

</configuration>
