<assembly>
    <id>config</id>
    <formats>
        <format>tar</format>
    </formats>
    <fileSets>
        <fileSet>
            <directory>src/main/resources</directory>
            <includes>
                <include>static/favicon.ico</include>
                <include>banner.txt</include>
                <include>*properties</include>
                <include>logback-spring.xml</include>
            </includes>
            <outputDirectory>config</outputDirectory>
        </fileSet>
    </fileSets>
</assembly>